"cmp_fname_c1","cmp_fname_c2","cmp_lname_c1","cmp_lname_c2","cmp_sex","cmp_bd","cmp_bm","cmp_by","cmp_plz"
0.000235404896421846,0.00147710487444609,2.68694413843136e-05,0.000641025641025641,0.5,0.032258064516129,0.0833333333333333,0.00943396226415094,0.000422654268808115
